id;setting_key;setting_value;setting_type
1;Berkshire;solid state Colorado Handmade;transmitter
2;time-frame Cheese;deploy well-modulated;Right-sized Cheese
3;THX artificial intelligence value-added;Bond Markets Units European Composite Unit (EURCO);Associate Soft
4;Assurance;Uzbekistan Ways Awesome Wooden Pants;Awesome Re-engineered Salad
5;Consultant Agent violet;plum Incredible seamless;Cliff
6;Vanuatu Movies withdrawal;impactful Delaware Response;web-readiness
7;Personal Loan Account;Hat PCI system;streamline
8;optical;Tuvalu;Associate
9;synthesizing;Pass;tan Chicken
10;calculating Games Direct;incentivize;hybrid Chicken
