id;interface_name;ssh_host;ssh_port;ssh_key
1;bluetooth;Facilitator Gloves;7142;../fake-data/blob/hipster.txt
2;Licensed;Bacon;21197;../fake-data/blob/hipster.txt
3;Ohio grey Technician;JSON;62842;../fake-data/blob/hipster.txt
4;program expedite;Usability;50295;../fake-data/blob/hipster.txt
5;Auto Loan Account compressing Human;Kids Optimization invoice;44074;../fake-data/blob/hipster.txt
6;Specialist compress compressing;Optional;53184;../fake-data/blob/hipster.txt
7;compressing Handcrafted;Data Fantastic Investment Account;1972;../fake-data/blob/hipster.txt
8;Credit Card Account;Customer;7726;../fake-data/blob/hipster.txt
9;haptic navigate Digitized;Frozen Assistant Nevada;59506;../fake-data/blob/hipster.txt
10;bi-directional redundant Executive;Lead Supervisor Music;232;../fake-data/blob/hipster.txt
