id;item;content_type;content
1;whiteboard payment;synthesize;Buckinghamshire
2;generate;Generic;Planner
3;Intelligent Keyboard;back up;Developer Wooden input
4;transitional;Tasty Soft Bike robust Sleek;Incredible overriding holistic
5;Automotive;Toys;overriding Unbranded Rubber Shirt invoice
6;user-centric;cross-platform New Mexico;ubiquitous Soft reintermediate
7;wireless auxiliary;cutting-edge Streamlined Borders;dynamic
8;Borders Persistent;Boliviano Mvdol South Dakota;hacking International
9;Sleek;withdrawal;Rustic Plastic Hat
10;Licensed Cotton Chair 3rd generation next-generation;panel Tasty;Switzerland Generic Concrete Towels
