id;subject;text;note;date
1;architecture Cheese;../fake-data/blob/hipster.txt;../fake-data/blob/hipster.txt;2019-11-16T23:01:53
2;Gibraltar Pound deposit pink;../fake-data/blob/hipster.txt;../fake-data/blob/hipster.txt;2019-11-16T23:10:13
3;hacking;../fake-data/blob/hipster.txt;../fake-data/blob/hipster.txt;2019-11-16T17:03:00
4;port;../fake-data/blob/hipster.txt;../fake-data/blob/hipster.txt;2019-11-16T19:56:12
5;Internal;../fake-data/blob/hipster.txt;../fake-data/blob/hipster.txt;2019-11-16T06:24:57
6;Refined;../fake-data/blob/hipster.txt;../fake-data/blob/hipster.txt;2019-11-16T13:53:36
7;Intelligent Concrete Shirt;../fake-data/blob/hipster.txt;../fake-data/blob/hipster.txt;2019-11-16T19:24:07
8;Secured;../fake-data/blob/hipster.txt;../fake-data/blob/hipster.txt;2019-11-16T09:33:26
9;back up;../fake-data/blob/hipster.txt;../fake-data/blob/hipster.txt;2019-11-16T07:34:58
10;Pass Home Loan Account;../fake-data/blob/hipster.txt;../fake-data/blob/hipster.txt;2019-11-16T19:53:15
